equation,corr,mae,rmse
Einthoven_III_eq_II_minus_I,0.9999974484596854,0.00013548105369807974,0.0003681633816426797
Goldberger_AVR_eq_-0.5_I_plus_II,0.9999588867862748,0.00031571327254306105,0.0012915264721120353
Goldberger_AVL_eq_0.5_I_minus_III,0.9999948813581218,0.000316367375886526,0.0004382871699738979
Goldberger_AVF_eq_0.5_II_plus_III,0.9999614001762303,0.0003227760891590695,0.001293771259901969
