segmento,Kurtosis,Skewness,snr,Quality,Entropy
1,5.747854461680532,2.2023795164073325,6.039847691286063,Excellent,0.6014547770791354
