segmento,Kurtosis,Skewness,snr,Quality,Entropy
0,5.747854461680532,2.2023795164073325,6.039847691286063,Excellent,0.6014547770791354
1,12.982769537845506,2.740317529596528,2.0762391734465306,Barely acceptable,0.6237077736517703
2,10.404766239805198,2.5618849063983347,0.45873753495045183,Barely acceptable,0.6337048239662844
3,7.025938458023937,2.103849472265648,-1.6022503309899174,Excellent,0.6486475218998498
4,13.703943551954321,3.2675076967009575,2.7767412933466384,Excellent,0.6626786612783298
